categoria,valor,percentual
Publicidade por materiais impressos,673304014.86,17.5222
Serviços prestados por terceiros,608127594.02,15.8261
Atividades de militância e mobilização de rua,478451277.86,12.4513
Despesas com pessoal,412760127.31,10.7418
Despesa com Impulsionamento de Conteúdos,279274540.23,7.2679
Serviços advocatícios,222754693.7,5.797
Publicidade por adesivos,205634044.12,5.3515
"Produção de programas de rádio, televisão ou vídeo",204215193.71,5.3145
Cessão ou locação de veículos,149959695.34,3.9026
Serviços contábeis,126770187.61,3.2991
Diversas a especificar,80475249.79,2.0943
Locação/cessão de bens imóveis,67404755.98,1.7542
Doações financeiras a outros candidatos/partidos,54623926.28,1.4215
Despesas com transporte ou deslocamento,43363636.21,1.1285
Eventos de promoção da candidatura,33071029.88,0.8606
Combustíveis e lubrificantes,32876113.82,0.8556
Publicidade por carros de som,27956414.02,0.7275
"Produção de jingles, vinhetas e slogans",21595127.57,0.562
Locação/cessão de bens móveis (exceto veículos),19769090.15,0.5145
Serviços próprios prestados por terceiros,19172718.41,0.499
Pesquisas ou testes eleitorais,18797523.25,0.4892
Correspondências e despesas postais,14190703.3,0.3693
Criação e inclusão de páginas na internet,10784254.55,0.2807
Alimentação,8953570.72,0.233
Publicidade por jornais e revistas,7761878.91,0.202
Pré-instalação física de comitê de campanha,5179507.92,0.1348
Comícios,4020185.52,0.1046
Materiais de expediente,3571902.13,0.093
Água,1829514.1,0.0476
"Segurança e prevenção, repressão e combate à violência política",1572631.96,0.0409
Despesas com Hospedagem,1286711.54,0.0335
Passagem Aérea,1104125.16,0.0287
Aquisição/Doação de bens móveis ou imóveis,759293.99,0.0198
"Encargos financeiros, taxas bancárias e/ou op. cartão de crédito",346376.06,0.009
Taxa de Administração de Financiamento Coletivo,309149.49,0.008
Reembolsos de gastos realizados por eleitores,182221.1,0.0047
Despesa com geradores de energia,133622.71,0.0035
"Impostos, contribuições e taxas",115318.98,0.003
Telefone,61883.36,0.0016
Energia elétrica,33692.93,0.0009
Encargos sociais,11077.15,0.0003
Multas eleitorais,5000,0.0001
